problem_type	constraint_class	instance	source_file
LP	general	test_DualObjectiveValue_Max_ScalarAffine_LessThan	test_solve.jl
LP	bound-constrained	test_DualObjectiveValue_Max_VariableIndex_LessThan	test_solve.jl
LP	general	test_DualObjectiveValue_Min_ScalarAffine_GreaterThan	test_solve.jl
LP	bound-constrained	test_DualObjectiveValue_Min_VariableIndex_GreaterThan	test_solve.jl
NLP	general	test_HermitianPSDCone_basic	test_solve.jl
NLP	general	test_HermitianPSDCone_min_t	test_solve.jl
NLP	general	test_NormNuclearCone_VectorAffineFunction_with_transform	test_solve.jl
NLP	general	test_NormNuclearCone_VectorAffineFunction_without_transform	test_solve.jl
NLP	general	test_NormNuclearCone_VectorOfVariables_with_transform	test_solve.jl
NLP	general	test_NormNuclearCone_VectorOfVariables_without_transform	test_solve.jl
NLP	general	test_NormSpectralCone_VectorAffineFunction_with_transform	test_solve.jl
NLP	general	test_NormSpectralCone_VectorAffineFunction_without_transform	test_solve.jl
NLP	general	test_NormSpectralCone_VectorOfVariables_with_transform	test_solve.jl
NLP	general	test_NormSpectralCone_VectorOfVariables_without_transform	test_solve.jl
NLP	general	test_VectorNonlinearOracle_LagrangeMultipliers_MAX_SENSE	test_nonlinear.jl
NLP	general	test_VectorNonlinearOracle_LagrangeMultipliers_MIN_SENSE	test_nonlinear.jl
NLP	general	test_add_constrained_PositiveSemidefiniteConeTriangle	test_conic.jl
NLP	general	test_add_constrained_PositiveSemidefiniteConeTriangle_VariableName	test_conic.jl
NLP	general	test_add_constrained_PositiveSemidefiniteConeTriangle_VariablePrimalStart	test_conic.jl
LP	bound-constrained	test_add_constrained_variables_vector	test_variable.jl
LP	equality	test_basic_ScalarAffineFunction_EqualTo	(auto-generated test_basic_*)
LP	general	test_basic_ScalarAffineFunction_GreaterThan	(auto-generated test_basic_*)
LP	general	test_basic_ScalarAffineFunction_Interval	(auto-generated test_basic_*)
LP	general	test_basic_ScalarAffineFunction_LessThan	(auto-generated test_basic_*)
NLP	equality	test_basic_ScalarNonlinearFunction_EqualTo	(auto-generated test_basic_*)
NLP	general	test_basic_ScalarNonlinearFunction_GreaterThan	(auto-generated test_basic_*)
NLP	general	test_basic_ScalarNonlinearFunction_Interval	(auto-generated test_basic_*)
NLP	general	test_basic_ScalarNonlinearFunction_LessThan	(auto-generated test_basic_*)
NLP	equality	test_basic_ScalarQuadraticFunction_EqualTo	(auto-generated test_basic_*)
NLP	general	test_basic_ScalarQuadraticFunction_GreaterThan	(auto-generated test_basic_*)
NLP	general	test_basic_ScalarQuadraticFunction_Interval	(auto-generated test_basic_*)
NLP	general	test_basic_ScalarQuadraticFunction_LessThan	(auto-generated test_basic_*)
LP	bound-constrained	test_basic_VariableIndex_EqualTo	(auto-generated test_basic_*)
LP	bound-constrained	test_basic_VariableIndex_GreaterThan	(auto-generated test_basic_*)
LP	bound-constrained	test_basic_VariableIndex_Interval	(auto-generated test_basic_*)
LP	bound-constrained	test_basic_VariableIndex_LessThan	(auto-generated test_basic_*)
LP	general	test_basic_VectorAffineFunction_AllDifferent	(auto-generated test_basic_*)
LP	general	test_basic_VectorAffineFunction_BinPacking	(auto-generated test_basic_*)
LP	general	test_basic_VectorAffineFunction_Circuit	(auto-generated test_basic_*)
LP	general	test_basic_VectorAffineFunction_Complements	(auto-generated test_basic_*)
LP	general	test_basic_VectorAffineFunction_CountAtLeast	(auto-generated test_basic_*)
LP	general	test_basic_VectorAffineFunction_CountBelongs	(auto-generated test_basic_*)
LP	general	test_basic_VectorAffineFunction_CountDistinct	(auto-generated test_basic_*)
LP	general	test_basic_VectorAffineFunction_CountGreaterThan	(auto-generated test_basic_*)
LP	general	test_basic_VectorAffineFunction_Cumulative	(auto-generated test_basic_*)
NLP	general	test_basic_VectorAffineFunction_DualExponentialCone	(auto-generated test_basic_*)
NLP	general	test_basic_VectorAffineFunction_DualPowerCone	(auto-generated test_basic_*)
NLP	general	test_basic_VectorAffineFunction_ExponentialCone	(auto-generated test_basic_*)
NLP	general	test_basic_VectorAffineFunction_GeometricMeanCone	(auto-generated test_basic_*)
NLP	general	test_basic_VectorAffineFunction_HermitianPositiveSemidefiniteConeTriangle	(auto-generated test_basic_*)
LP	general	test_basic_VectorAffineFunction_HyperRectangle	(auto-generated test_basic_*)
NLP	general	test_basic_VectorAffineFunction_LogDetConeSquare	(auto-generated test_basic_*)
NLP	general	test_basic_VectorAffineFunction_LogDetConeTriangle	(auto-generated test_basic_*)
LP	general	test_basic_VectorAffineFunction_Nonnegatives	(auto-generated test_basic_*)
LP	general	test_basic_VectorAffineFunction_Nonpositives	(auto-generated test_basic_*)
NLP	general	test_basic_VectorAffineFunction_NormCone	(auto-generated test_basic_*)
LP	general	test_basic_VectorAffineFunction_NormInfinityCone	(auto-generated test_basic_*)
NLP	general	test_basic_VectorAffineFunction_NormNuclearCone	(auto-generated test_basic_*)
LP	general	test_basic_VectorAffineFunction_NormOneCone	(auto-generated test_basic_*)
NLP	general	test_basic_VectorAffineFunction_NormSpectralCone	(auto-generated test_basic_*)
LP	general	test_basic_VectorAffineFunction_Path	(auto-generated test_basic_*)
NLP	general	test_basic_VectorAffineFunction_PositiveSemidefiniteConeSquare	(auto-generated test_basic_*)
NLP	general	test_basic_VectorAffineFunction_PositiveSemidefiniteConeTriangle	(auto-generated test_basic_*)
NLP	general	test_basic_VectorAffineFunction_PowerCone	(auto-generated test_basic_*)
NLP	general	test_basic_VectorAffineFunction_RelativeEntropyCone	(auto-generated test_basic_*)
NLP	general	test_basic_VectorAffineFunction_RootDetConeSquare	(auto-generated test_basic_*)
NLP	general	test_basic_VectorAffineFunction_RootDetConeTriangle	(auto-generated test_basic_*)
NLP	general	test_basic_VectorAffineFunction_RotatedSecondOrderCone	(auto-generated test_basic_*)
NLP	general	test_basic_VectorAffineFunction_ScaledPositiveSemidefiniteConeTriangle	(auto-generated test_basic_*)
NLP	general	test_basic_VectorAffineFunction_SecondOrderCone	(auto-generated test_basic_*)
LP	general	test_basic_VectorAffineFunction_Table	(auto-generated test_basic_*)
NLP	general	test_basic_VectorAffineFunction_VectorNonlinearOracle	(auto-generated test_basic_*)
LP	equality	test_basic_VectorAffineFunction_Zeros	(auto-generated test_basic_*)
LP	general	test_basic_VectorOfVariables_AllDifferent	(auto-generated test_basic_*)
LP	general	test_basic_VectorOfVariables_BinPacking	(auto-generated test_basic_*)
LP	general	test_basic_VectorOfVariables_Circuit	(auto-generated test_basic_*)
LP	general	test_basic_VectorOfVariables_Complements	(auto-generated test_basic_*)
LP	general	test_basic_VectorOfVariables_CountAtLeast	(auto-generated test_basic_*)
LP	general	test_basic_VectorOfVariables_CountBelongs	(auto-generated test_basic_*)
LP	general	test_basic_VectorOfVariables_CountDistinct	(auto-generated test_basic_*)
LP	general	test_basic_VectorOfVariables_CountGreaterThan	(auto-generated test_basic_*)
LP	general	test_basic_VectorOfVariables_Cumulative	(auto-generated test_basic_*)
NLP	general	test_basic_VectorOfVariables_DualExponentialCone	(auto-generated test_basic_*)
NLP	general	test_basic_VectorOfVariables_DualPowerCone	(auto-generated test_basic_*)
NLP	general	test_basic_VectorOfVariables_ExponentialCone	(auto-generated test_basic_*)
NLP	general	test_basic_VectorOfVariables_GeometricMeanCone	(auto-generated test_basic_*)
NLP	general	test_basic_VectorOfVariables_HermitianPositiveSemidefiniteConeTriangle	(auto-generated test_basic_*)
LP	bound-constrained	test_basic_VectorOfVariables_HyperRectangle	(auto-generated test_basic_*)
NLP	general	test_basic_VectorOfVariables_LogDetConeSquare	(auto-generated test_basic_*)
NLP	general	test_basic_VectorOfVariables_LogDetConeTriangle	(auto-generated test_basic_*)
LP	bound-constrained	test_basic_VectorOfVariables_Nonnegatives	(auto-generated test_basic_*)
LP	bound-constrained	test_basic_VectorOfVariables_Nonpositives	(auto-generated test_basic_*)
NLP	general	test_basic_VectorOfVariables_NormCone	(auto-generated test_basic_*)
LP	general	test_basic_VectorOfVariables_NormInfinityCone	(auto-generated test_basic_*)
NLP	general	test_basic_VectorOfVariables_NormNuclearCone	(auto-generated test_basic_*)
LP	general	test_basic_VectorOfVariables_NormOneCone	(auto-generated test_basic_*)
NLP	general	test_basic_VectorOfVariables_NormSpectralCone	(auto-generated test_basic_*)
LP	general	test_basic_VectorOfVariables_Path	(auto-generated test_basic_*)
NLP	general	test_basic_VectorOfVariables_PositiveSemidefiniteConeSquare	(auto-generated test_basic_*)
NLP	general	test_basic_VectorOfVariables_PositiveSemidefiniteConeTriangle	(auto-generated test_basic_*)
NLP	general	test_basic_VectorOfVariables_PowerCone	(auto-generated test_basic_*)
NLP	general	test_basic_VectorOfVariables_RelativeEntropyCone	(auto-generated test_basic_*)
NLP	general	test_basic_VectorOfVariables_RootDetConeSquare	(auto-generated test_basic_*)
NLP	general	test_basic_VectorOfVariables_RootDetConeTriangle	(auto-generated test_basic_*)
NLP	general	test_basic_VectorOfVariables_RotatedSecondOrderCone	(auto-generated test_basic_*)
NLP	general	test_basic_VectorOfVariables_ScaledPositiveSemidefiniteConeTriangle	(auto-generated test_basic_*)
NLP	general	test_basic_VectorOfVariables_SecondOrderCone	(auto-generated test_basic_*)
LP	general	test_basic_VectorOfVariables_Table	(auto-generated test_basic_*)
NLP	general	test_basic_VectorOfVariables_VectorNonlinearOracle	(auto-generated test_basic_*)
LP	bound-constrained	test_basic_VectorOfVariables_Zeros	(auto-generated test_basic_*)
NLP	general	test_basic_VectorQuadraticFunction_AllDifferent	(auto-generated test_basic_*)
NLP	general	test_basic_VectorQuadraticFunction_BinPacking	(auto-generated test_basic_*)
NLP	general	test_basic_VectorQuadraticFunction_Circuit	(auto-generated test_basic_*)
NLP	general	test_basic_VectorQuadraticFunction_Complements	(auto-generated test_basic_*)
NLP	general	test_basic_VectorQuadraticFunction_CountAtLeast	(auto-generated test_basic_*)
NLP	general	test_basic_VectorQuadraticFunction_CountBelongs	(auto-generated test_basic_*)
NLP	general	test_basic_VectorQuadraticFunction_CountDistinct	(auto-generated test_basic_*)
NLP	general	test_basic_VectorQuadraticFunction_CountGreaterThan	(auto-generated test_basic_*)
NLP	general	test_basic_VectorQuadraticFunction_Cumulative	(auto-generated test_basic_*)
NLP	general	test_basic_VectorQuadraticFunction_DualExponentialCone	(auto-generated test_basic_*)
NLP	general	test_basic_VectorQuadraticFunction_DualPowerCone	(auto-generated test_basic_*)
NLP	general	test_basic_VectorQuadraticFunction_ExponentialCone	(auto-generated test_basic_*)
NLP	general	test_basic_VectorQuadraticFunction_GeometricMeanCone	(auto-generated test_basic_*)
NLP	general	test_basic_VectorQuadraticFunction_HermitianPositiveSemidefiniteConeTriangle	(auto-generated test_basic_*)
NLP	general	test_basic_VectorQuadraticFunction_HyperRectangle	(auto-generated test_basic_*)
NLP	general	test_basic_VectorQuadraticFunction_LogDetConeSquare	(auto-generated test_basic_*)
NLP	general	test_basic_VectorQuadraticFunction_LogDetConeTriangle	(auto-generated test_basic_*)
NLP	general	test_basic_VectorQuadraticFunction_Nonnegatives	(auto-generated test_basic_*)
NLP	general	test_basic_VectorQuadraticFunction_Nonpositives	(auto-generated test_basic_*)
NLP	general	test_basic_VectorQuadraticFunction_NormCone	(auto-generated test_basic_*)
NLP	general	test_basic_VectorQuadraticFunction_NormInfinityCone	(auto-generated test_basic_*)
NLP	general	test_basic_VectorQuadraticFunction_NormNuclearCone	(auto-generated test_basic_*)
NLP	general	test_basic_VectorQuadraticFunction_NormOneCone	(auto-generated test_basic_*)
NLP	general	test_basic_VectorQuadraticFunction_NormSpectralCone	(auto-generated test_basic_*)
NLP	general	test_basic_VectorQuadraticFunction_Path	(auto-generated test_basic_*)
NLP	general	test_basic_VectorQuadraticFunction_PositiveSemidefiniteConeSquare	(auto-generated test_basic_*)
NLP	general	test_basic_VectorQuadraticFunction_PositiveSemidefiniteConeTriangle	(auto-generated test_basic_*)
NLP	general	test_basic_VectorQuadraticFunction_PowerCone	(auto-generated test_basic_*)
NLP	general	test_basic_VectorQuadraticFunction_RelativeEntropyCone	(auto-generated test_basic_*)
NLP	general	test_basic_VectorQuadraticFunction_RootDetConeSquare	(auto-generated test_basic_*)
NLP	general	test_basic_VectorQuadraticFunction_RootDetConeTriangle	(auto-generated test_basic_*)
NLP	general	test_basic_VectorQuadraticFunction_RotatedSecondOrderCone	(auto-generated test_basic_*)
NLP	general	test_basic_VectorQuadraticFunction_ScaledPositiveSemidefiniteConeTriangle	(auto-generated test_basic_*)
NLP	general	test_basic_VectorQuadraticFunction_SecondOrderCone	(auto-generated test_basic_*)
NLP	general	test_basic_VectorQuadraticFunction_Table	(auto-generated test_basic_*)
NLP	general	test_basic_VectorQuadraticFunction_VectorNonlinearOracle	(auto-generated test_basic_*)
NLP	equality	test_basic_VectorQuadraticFunction_Zeros	(auto-generated test_basic_*)
NLP	general	test_conic_DualExponentialCone_VectorAffineFunction	test_conic.jl
NLP	general	test_conic_DualExponentialCone_VectorOfVariables	test_conic.jl
NLP	general	test_conic_DualPowerCone_VectorAffineFunction	test_conic.jl
NLP	general	test_conic_DualPowerCone_VectorOfVariables	test_conic.jl
NLP	general	test_conic_Exponential_VectorAffineFunction	test_conic.jl
NLP	general	test_conic_Exponential_VectorOfVariables	test_conic.jl
NLP	general	test_conic_Exponential_hard	test_conic.jl
NLP	general	test_conic_Exponential_hard_2	test_conic.jl
NLP	general	test_conic_GeometricMeanCone_VectorAffineFunction	test_conic.jl
NLP	general	test_conic_GeometricMeanCone_VectorAffineFunction_2	test_conic.jl
NLP	general	test_conic_GeometricMeanCone_VectorAffineFunction_3	test_conic.jl
NLP	general	test_conic_GeometricMeanCone_VectorOfVariables	test_conic.jl
NLP	general	test_conic_GeometricMeanCone_VectorOfVariables_2	test_conic.jl
NLP	general	test_conic_GeometricMeanCone_VectorOfVariables_3	test_conic.jl
NLP	general	test_conic_HermitianPositiveSemidefiniteConeTriangle_1	test_conic.jl
NLP	general	test_conic_HermitianPositiveSemidefiniteConeTriangle_2	test_conic.jl
NLP	general	test_conic_LogDetConeSquare	test_conic.jl
NLP	general	test_conic_LogDetConeSquare_VectorAffineFunction	test_conic.jl
NLP	general	test_conic_LogDetConeSquare_VectorOfVariables	test_conic.jl
NLP	general	test_conic_LogDetConeTriangle	test_conic.jl
NLP	general	test_conic_LogDetConeTriangle_VectorAffineFunction	test_conic.jl
NLP	general	test_conic_LogDetConeTriangle_VectorOfVariables	test_conic.jl
NLP	general	test_conic_NormCone	test_conic.jl
LP	general	test_conic_NormInfinityCone_3	test_conic.jl
LP	general	test_conic_NormInfinityCone_INFEASIBLE	test_conic.jl
LP	general	test_conic_NormInfinityCone_VectorAffineFunction	test_conic.jl
LP	general	test_conic_NormInfinityCone_VectorOfVariables	test_conic.jl
NLP	general	test_conic_NormNuclearCone	test_conic.jl
NLP	general	test_conic_NormNuclearCone_2	test_conic.jl
LP	general	test_conic_NormOneCone	test_conic.jl
LP	general	test_conic_NormOneCone_INFEASIBLE	test_conic.jl
LP	general	test_conic_NormOneCone_VectorAffineFunction	test_conic.jl
LP	general	test_conic_NormOneCone_VectorOfVariables	test_conic.jl
NLP	general	test_conic_NormSpectralCone	test_conic.jl
NLP	general	test_conic_NormSpectralCone_2	test_conic.jl
NLP	general	test_conic_PositiveSemidefiniteConeSquare_3	test_conic.jl
NLP	general	test_conic_PositiveSemidefiniteConeSquare_VectorAffineFunction	test_conic.jl
NLP	general	test_conic_PositiveSemidefiniteConeSquare_VectorAffineFunction_2	test_conic.jl
NLP	general	test_conic_PositiveSemidefiniteConeSquare_VectorOfVariables	test_conic.jl
NLP	general	test_conic_PositiveSemidefiniteConeSquare_VectorOfVariables_2	test_conic.jl
NLP	general	test_conic_PositiveSemidefiniteConeTriangle	test_conic.jl
NLP	general	test_conic_PositiveSemidefiniteConeTriangle_3	test_conic.jl
NLP	general	test_conic_PositiveSemidefiniteConeTriangle_4	test_conic.jl
NLP	general	test_conic_PositiveSemidefiniteConeTriangle_VectorAffineFunction	test_conic.jl
NLP	general	test_conic_PositiveSemidefiniteConeTriangle_VectorAffineFunction_2	test_conic.jl
NLP	general	test_conic_PositiveSemidefiniteConeTriangle_VectorOfVariables	test_conic.jl
NLP	general	test_conic_PositiveSemidefiniteConeTriangle_VectorOfVariables_2	test_conic.jl
NLP	general	test_conic_PowerCone_VectorAffineFunction	test_conic.jl
NLP	general	test_conic_PowerCone_VectorOfVariables	test_conic.jl
NLP	general	test_conic_RelativeEntropyCone	test_conic.jl
NLP	general	test_conic_RootDetConeSquare	test_conic.jl
NLP	general	test_conic_RootDetConeSquare_VectorAffineFunction	test_conic.jl
NLP	general	test_conic_RootDetConeSquare_VectorOfVariables	test_conic.jl
NLP	general	test_conic_RootDetConeTriangle	test_conic.jl
NLP	general	test_conic_RootDetConeTriangle_VectorAffineFunction	test_conic.jl
NLP	general	test_conic_RootDetConeTriangle_VectorOfVariables	test_conic.jl
NLP	general	test_conic_RotatedSecondOrderCone_INFEASIBLE	test_conic.jl
NLP	general	test_conic_RotatedSecondOrderCone_INFEASIBLE_2	test_conic.jl
NLP	general	test_conic_RotatedSecondOrderCone_VectorAffineFunction	test_conic.jl
NLP	general	test_conic_RotatedSecondOrderCone_VectorOfVariables	test_conic.jl
NLP	general	test_conic_RotatedSecondOrderCone_out_of_order	test_conic.jl
NLP	general	test_conic_ScaledPositiveSemidefiniteConeTriangle_VectorAffineFunction	test_conic.jl
NLP	general	test_conic_SecondOrderCone_INFEASIBLE	test_conic.jl
NLP	general	test_conic_SecondOrderCone_Nonnegatives	test_conic.jl
NLP	general	test_conic_SecondOrderCone_Nonpositives	test_conic.jl
NLP	general	test_conic_SecondOrderCone_VectorAffineFunction	test_conic.jl
NLP	general	test_conic_SecondOrderCone_VectorOfVariables	test_conic.jl
NLP	general	test_conic_SecondOrderCone_negative_initial_bound	test_conic.jl
NLP	general	test_conic_SecondOrderCone_negative_post_bound	test_conic.jl
NLP	general	test_conic_SecondOrderCone_negative_post_bound_2	test_conic.jl
NLP	general	test_conic_SecondOrderCone_negative_post_bound_3	test_conic.jl
NLP	general	test_conic_SecondOrderCone_no_initial_bound	test_conic.jl
NLP	general	test_conic_SecondOrderCone_nonnegative_initial_bound	test_conic.jl
NLP	general	test_conic_SecondOrderCone_nonnegative_post_bound	test_conic.jl
NLP	general	test_conic_SecondOrderCone_out_of_order	test_conic.jl
NLP	general	test_conic_empty_matrix	test_conic.jl
LP	general	test_conic_linear_INFEASIBLE	test_conic.jl
LP	general	test_conic_linear_INFEASIBLE_2	test_conic.jl
LP	general	test_conic_linear_VectorAffineFunction	test_conic.jl
LP	general	test_conic_linear_VectorAffineFunction_2	test_conic.jl
LP	general	test_conic_linear_VectorOfVariables	test_conic.jl
LP	general	test_conic_linear_VectorOfVariables_2	test_conic.jl
LP	general	test_constraint_ConstraintDualStart	test_constraint.jl
LP	general	test_constraint_ConstraintPrimalStart	test_constraint.jl
NLP	general	test_constraint_PrimalStart_DualStart_SecondOrderCone	test_constraint.jl
LP	equality	test_constraint_ScalarAffineFunction_EqualTo	test_constraint.jl
LP	general	test_constraint_ScalarAffineFunction_GreaterThan	test_constraint.jl
LP	general	test_constraint_ScalarAffineFunction_Interval	test_constraint.jl
LP	general	test_constraint_ScalarAffineFunction_LessThan	test_constraint.jl
LP	general	test_constraint_ScalarAffineFunction_duplicate	test_constraint.jl
LP	general	test_constraint_VectorAffineFunction_duplicate	test_constraint.jl
LP	bound-constrained	test_constraint_get_ConstraintIndex	test_constraint.jl
NLP	general	test_constraint_qcp_duplicate_diagonal	test_constraint.jl
NLP	general	test_constraint_qcp_duplicate_off_diagonal	test_constraint.jl
LP	general	test_linear_DUAL_INFEASIBLE	test_linear.jl
LP	equality	test_linear_DUAL_INFEASIBLE_2	test_linear.jl
LP	general	test_linear_FEASIBILITY_SENSE	test_linear.jl
LP	general	test_linear_HyperRectangle_VectorAffineFunction	test_linear.jl
LP	bound-constrained	test_linear_HyperRectangle_VectorOfVariables	test_linear.jl
LP	general	test_linear_INFEASIBLE	test_linear.jl
LP	general	test_linear_INFEASIBLE_2	test_linear.jl
LP	general	test_linear_Interval_inactive	test_linear.jl
LP	general	test_linear_LessThan_and_GreaterThan	test_linear.jl
LP	general	test_linear_VariablePrimalStart_partial	test_linear.jl
LP	general	test_linear_VectorAffineFunction	test_linear.jl
LP	equality	test_linear_VectorAffineFunction_empty_row	test_linear.jl
LP	general	test_linear_add_constraints	test_linear.jl
LP	equality	test_linear_complex_Zeros	test_linear.jl
LP	equality	test_linear_complex_Zeros_duplicate	test_linear.jl
LP	general	test_linear_inactive_bounds	test_linear.jl
LP	general	test_linear_integration	test_linear.jl
LP	general	test_linear_integration_2	test_linear.jl
LP	general	test_linear_integration_Interval	test_linear.jl
LP	general	test_linear_integration_delete_variables	test_linear.jl
LP	general	test_linear_integration_modification	test_linear.jl
LP	general	test_linear_modify_GreaterThan_and_LessThan_constraints	test_linear.jl
LP	general	test_linear_open_intervals	test_linear.jl
LP	general	test_linear_transform	test_linear.jl
LP	bound-constrained	test_linear_variable_open_intervals	test_linear.jl
LP	equality	test_model_ListOfConstraintAttributesSet	test_model.jl
LP	bound-constrained	test_model_LowerBoundAlreadySet	test_model.jl
LP	bound-constrained	test_model_ModelFilter_AbstractConstraintAttribute	test_model.jl
LP	general	test_model_Name_VariableName_ConstraintName	test_model.jl
LP	general	test_model_ScalarAffineFunction_ConstraintName	test_model.jl
LP	general	test_model_ScalarFunctionConstantNotZero	test_model.jl
LP	bound-constrained	test_model_UpperBoundAlreadySet	test_model.jl
LP	bound-constrained	test_model_VariableIndex_ConstraintName	test_model.jl
LP	bound-constrained	test_model_add_constrained_variable_tuple	test_model.jl
LP	bound-constrained	test_model_delete	test_model.jl
LP	bound-constrained	test_model_duplicate_ScalarAffineFunction_ConstraintName	test_model.jl
NLP	general	test_model_is_valid	test_model.jl
LP	bound-constrained	test_model_ordered_indices	test_model.jl
LP	general	test_modification_affine_deletion_edge_cases	test_modification.jl
LP	bound-constrained	test_modification_coef_scalar_objective	test_modification.jl
LP	bound-constrained	test_modification_coef_scalaraffine_lessthan	test_modification.jl
LP	bound-constrained	test_modification_const_scalar_objective	test_modification.jl
LP	general	test_modification_const_vectoraffine_nonpos	test_modification.jl
LP	equality	test_modification_const_vectoraffine_zeros	test_modification.jl
NLP	bound-constrained	test_modification_constraint_scalarquadraticcoefficientchange	test_modification.jl
LP	bound-constrained	test_modification_delete_variable_with_single_variable_obj	test_modification.jl
LP	unconstrained	test_modification_delete_variables_in_a_batch	test_modification.jl
LP	bound-constrained	test_modification_func_scalaraffine_lessthan	test_modification.jl
LP	general	test_modification_func_vectoraffine_nonneg	test_modification.jl
LP	equality	test_modification_incorrect	test_modification.jl
LP	bound-constrained	test_modification_incorrect_VariableIndex	test_modification.jl
LP	equality	test_modification_mathoptinterface_issue_2452	test_modification.jl
LP	general	test_modification_multirow_vectoraffine_nonpos	test_modification.jl
NLP	unconstrained	test_modification_objective_scalarquadraticcoefficientchange	test_modification.jl
LP	bound-constrained	test_modification_set_function_single_variable	test_modification.jl
LP	bound-constrained	test_modification_set_scalaraffine_lessthan	test_modification.jl
LP	bound-constrained	test_modification_set_singlevariable_lessthan	test_modification.jl
LP	bound-constrained	test_modification_transform_singlevariable_lessthan	test_modification.jl
LP	general	test_multi_objective_solve_and_objective_value	test_multiobjective.jl
LP	unconstrained	test_multiobjective_vector_affine_function	test_multiobjective.jl
LP	unconstrained	test_multiobjective_vector_affine_function_delete	test_multiobjective.jl
LP	unconstrained	test_multiobjective_vector_affine_function_delete_vector	test_multiobjective.jl
LP	unconstrained	test_multiobjective_vector_affine_function_modify	test_multiobjective.jl
NLP	unconstrained	test_multiobjective_vector_nonlinear	test_multiobjective.jl
NLP	unconstrained	test_multiobjective_vector_nonlinear_delete	test_multiobjective.jl
NLP	unconstrained	test_multiobjective_vector_nonlinear_delete_vector	test_multiobjective.jl
NLP	unconstrained	test_multiobjective_vector_nonlinear_modify	test_multiobjective.jl
LP	unconstrained	test_multiobjective_vector_of_variables	test_multiobjective.jl
LP	unconstrained	test_multiobjective_vector_of_variables_delete	test_multiobjective.jl
LP	unconstrained	test_multiobjective_vector_of_variables_delete_all	test_multiobjective.jl
LP	unconstrained	test_multiobjective_vector_of_variables_delete_vector	test_multiobjective.jl
NLP	unconstrained	test_multiobjective_vector_quadratic_function	test_multiobjective.jl
NLP	unconstrained	test_multiobjective_vector_quadratic_function_delete	test_multiobjective.jl
NLP	unconstrained	test_multiobjective_vector_quadratic_function_delete_vector	test_multiobjective.jl
NLP	unconstrained	test_multiobjective_vector_quadratic_function_modify	test_multiobjective.jl
NLP	general	test_nonlinear_constraint_log	test_nonlinear.jl
NLP	general	test_nonlinear_constraint_scalar_affine_function	test_nonlinear.jl
NLP	general	test_nonlinear_constraint_uminus	test_nonlinear.jl
NLP	general	test_nonlinear_duals	test_nonlinear.jl
NLP	general	test_nonlinear_expression_hs071	test_nonlinear.jl
NLP	general	test_nonlinear_expression_hs071_epigraph	test_nonlinear.jl
NLP	general	test_nonlinear_expression_hs109	test_nonlinear.jl
NLP	bound-constrained	test_nonlinear_expression_hs110	test_nonlinear.jl
NLP	unconstrained	test_nonlinear_expression_multivariate_function	test_nonlinear.jl
NLP	general	test_nonlinear_expression_overrides_objective	test_nonlinear.jl
NLP	bound-constrained	test_nonlinear_expression_quartic	test_nonlinear.jl
NLP	unconstrained	test_nonlinear_expression_univariate_function	test_nonlinear.jl
NLP	general	test_nonlinear_hs071	test_nonlinear.jl
NLP	general	test_nonlinear_hs071_NLPBlockDual	test_nonlinear.jl
NLP	general	test_nonlinear_hs071_hessian_vector_product	test_nonlinear.jl
NLP	general	test_nonlinear_hs071_no_hessian	test_nonlinear.jl
NLP	equality	test_nonlinear_objective	test_nonlinear.jl
NLP	equality	test_nonlinear_objective_and_moi_objective_test	test_nonlinear.jl
NLP	general	test_nonlinear_quadratic_1	test_nonlinear.jl
NLP	general	test_nonlinear_quadratic_2	test_nonlinear.jl
NLP	general	test_nonlinear_quadratic_3	test_nonlinear.jl
NLP	general	test_nonlinear_quadratic_4	test_nonlinear.jl
NLP	general	test_nonlinear_vector_complements	test_nonlinear.jl
NLP	general	test_nonlinear_with_scalar_quadratic_function_with_off_diag	test_nonlinear.jl
NLP	equality	test_nonlinear_without_objective	test_nonlinear.jl
LP	bound-constrained	test_objective_FEASIBILITY_SENSE_clears_objective	test_objective.jl
LP	bound-constrained	test_objective_ObjectiveFunction_VariableIndex	test_objective.jl
LP	unconstrained	test_objective_ObjectiveFunction_blank	test_objective.jl
LP	bound-constrained	test_objective_ObjectiveFunction_constant	test_objective.jl
LP	bound-constrained	test_objective_ObjectiveFunction_duplicate_terms	test_objective.jl
LP	unconstrained	test_objective_ScalarAffineFunction_in_ListOfModelAttributesSet	test_objective.jl
NLP	unconstrained	test_objective_ScalarQuadraticFunction_in_ListOfModelAttributesSet	test_objective.jl
LP	unconstrained	test_objective_VariableIndex_in_ListOfModelAttributesSet	test_objective.jl
NLP	unconstrained	test_objective_get_ObjectiveFunction_ScalarAffineFunction	test_objective.jl
NLP	bound-constrained	test_objective_qp_ObjectiveFunction_edge_cases	test_objective.jl
NLP	bound-constrained	test_objective_qp_ObjectiveFunction_zero_ofdiag	test_objective.jl
LP	unconstrained	test_objective_set_via_modify	test_objective.jl
NLP	general	test_quadratic_SecondOrderCone_basic	test_quadratic.jl
NLP	general	test_quadratic_constraint_GreaterThan	test_quadratic.jl
NLP	general	test_quadratic_constraint_LessThan	test_quadratic.jl
NLP	general	test_quadratic_constraint_basic	test_quadratic.jl
NLP	general	test_quadratic_constraint_integration	test_quadratic.jl
NLP	general	test_quadratic_constraint_minimize	test_quadratic.jl
NLP	general	test_quadratic_duplicate_terms	test_quadratic.jl
NLP	general	test_quadratic_integration	test_quadratic.jl
NLP	equality	test_quadratic_nonconvex_constraint_basic	test_quadratic.jl
NLP	general	test_quadratic_nonconvex_constraint_integration	test_quadratic.jl
NLP	equality	test_quadratic_nonhomogeneous	test_quadratic.jl
LP	equality	test_solve_DualStatus_INFEASIBILITY_CERTIFICATE_EqualTo_lower	test_solve.jl
LP	equality	test_solve_DualStatus_INFEASIBILITY_CERTIFICATE_EqualTo_upper	test_solve.jl
LP	general	test_solve_DualStatus_INFEASIBILITY_CERTIFICATE_GreaterThan	test_solve.jl
LP	general	test_solve_DualStatus_INFEASIBILITY_CERTIFICATE_Interval_lower	test_solve.jl
LP	general	test_solve_DualStatus_INFEASIBILITY_CERTIFICATE_Interval_upper	test_solve.jl
LP	general	test_solve_DualStatus_INFEASIBILITY_CERTIFICATE_LessThan	test_solve.jl
LP	general	test_solve_DualStatus_INFEASIBILITY_CERTIFICATE_VariableIndex_LessThan	test_solve.jl
LP	general	test_solve_DualStatus_INFEASIBILITY_CERTIFICATE_VariableIndex_LessThan_max	test_solve.jl
LP	bound-constrained	test_solve_ObjectiveBound_MAX_SENSE_IP	test_solve.jl
LP	bound-constrained	test_solve_ObjectiveBound_MAX_SENSE_LP	test_solve.jl
LP	bound-constrained	test_solve_ObjectiveBound_MIN_SENSE_IP	test_solve.jl
LP	bound-constrained	test_solve_ObjectiveBound_MIN_SENSE_LP	test_solve.jl
LP	unconstrained	test_solve_TerminationStatus_DUAL_INFEASIBLE	test_solve.jl
LP	bound-constrained	test_solve_VariableIndex_ConstraintDual_MAX_SENSE	test_solve.jl
LP	bound-constrained	test_solve_VariableIndex_ConstraintDual_MIN_SENSE	test_solve.jl
LP	general	test_solve_conflict_EqualTo	test_solve.jl
LP	general	test_solve_conflict_NOT_IN_CONFLICT	test_solve.jl
LP	general	test_solve_conflict_affine_affine	test_solve.jl
LP	bound-constrained	test_solve_conflict_bound_bound	test_solve.jl
LP	general	test_solve_conflict_feasible	test_solve.jl
LP	bound-constrained	test_solve_conflict_invalid_interval	test_solve.jl
LP	general	test_solve_conflict_two_affine	test_solve.jl
LP	general	test_solve_conflict_zeroone	test_solve.jl
LP	equality	test_solve_conflict_zeroone_2	test_solve.jl
LP	bound-constrained	test_solve_optimize_twice	test_solve.jl
LP	bound-constrained	test_solve_result_index	test_solve.jl
LP	bound-constrained	test_variable_delete_Nonnegatives	test_variable.jl
LP	bound-constrained	test_variable_delete_Nonnegatives_row	test_variable.jl
NLP	general	test_variable_delete_SecondOrderCone	test_variable.jl
LP	bound-constrained	test_variable_solve_with_lowerbound	test_variable.jl
LP	bound-constrained	test_variable_solve_with_upperbound	test_variable.jl
NLP	general	test_vector_nonlinear_oracle	test_nonlinear.jl
NLP	general	test_vector_nonlinear_oracle_no_hessian	test_nonlinear.jl
